{"cameraMode":{"drawMode":0,"name":"Shaded","section":"Shading Mode"},"sceneLighting":true,"audioPlay":false,"sceneViewState":{"m_AlwaysRefresh":false,"showFog":true,"showSkybox":true,"showFlares":true,"showImageEffects":true,"showParticleSystems":true,"showVisualEffectGraphs":true,"m_FxEnabled":true},"in2DMode":false,"pivot":{"x":144.55841064453126,"y":2.5629730224609377,"z":-232.06478881835938},"rotation":{"x":0.5050947666168213,"y":-0.005177765153348446,"z":0.0030312216840684416,"w":0.8630484342575073},"size":12.12887954711914,"orthographic":false}